original_date,product_code,pk,data_type,event_date,temp_min_c,temp_max_c,rainfall_mm,evaporation_mm,sunshine_hrs,wind_gust_direction,wind_gust_speed_max_kmh,time_wind_gust_max_speed_kmh,time_0900_temp_c,time_0900_humidity_pct,time_0900_cloud_amount_oktas,time_0900_wind_direction,time_0900_wind_speed_kmh,time_0900_pressure_msl_hpa,time_1500_temp_c,time_1500_humidity_pct,time_1500_cloud_amount_oktas,time_1500_wind_direction,time_1500_wind_speed_kmh,time_1500_pressure_msl_hpa
2019-09-1,IDCJDW6051,weather_summary-2019-09-01,weather_summary,2019-09-01,12.9,19,0.4,,3.4,,,,15.9,81,6,N,13,1011.3,,,,,,1011.1
2019-09-2,IDCJDW6051,weather_summary-2019-09-02,weather_summary,2019-09-02,9.5,20.5,0,,5.9,,,,14,83,3,NE,2,1016.5,17,80,4,W,9,1015
2019-09-3,IDCJDW6051,weather_summary-2019-09-03,weather_summary,2019-09-03,10.5,18,0,,6.9,,,,13.1,93,4,S,2,1018.6,18,49,5,W,13,1017.8
2019-09-4,IDCJDW6051,weather_summary-2019-09-04,weather_summary,2019-09-04,11,16.5,0,,4.2,,,,14,67,7,SW,15,1021.6,16,55,6,SW,11,1021.9
2019-09-5,IDCJDW6051,weather_summary-2019-09-05,weather_summary,2019-09-05,4.5,17.5,0,,10.2,,,,10,62,0,SE,22,1026.9,16.5,38,0,N,11,1023.8
2019-09-6,IDCJDW6051,weather_summary-2019-09-06,weather_summary,2019-09-06,5,20.8,0,,10.6,,,,13.5,46,0,NE,19,1024.5,20,40,0,S,7,1021
2019-09-7,IDCJDW6051,weather_summary-2019-09-07,weather_summary,2019-09-07,4,21.6,0,,10.5,,,,9.2,78,0, ,Calm,1024.8,,,,,,1022.6
2019-09-8,IDCJDW6051,weather_summary-2019-09-08,weather_summary,2019-09-08,5.4,26.5,0,,10.6,,,,14.5,75,0,W,2,1026.2,,,,,,1021.6
2019-09-9,IDCJDW6051,weather_summary-2019-09-09,weather_summary,2019-09-09,12.1,33,0,,10.6,,,,22.5,70,0, ,Calm,1019,32,79,0,NE,11,1014.5
2019-09-10,IDCJDW6051,weather_summary-2019-09-10,weather_summary,2019-09-10,11,29.5,0,,10.4,,,,20,86,0,SW,4,1016.5,24.5,96,0,W,15,1015.3
2019-09-11,IDCJDW6051,weather_summary-2019-09-11,weather_summary,2019-09-11,14,24,0,,9.5,,,,17.5,95,2,NE,11,1022.5,22.6,95,0,W,11,1022.3
2019-09-12,IDCJDW6051,weather_summary-2019-09-12,weather_summary,2019-09-12,12,26,0,,10.4,,,,21.5,86,0,NE,15,1024.3,,,,,,1023.4
2019-09-13,IDCJDW6051,weather_summary-2019-09-13,weather_summary,2019-09-13,12.5,27.5,0,,10,,,,20,81,0,S,11,1024,27,70,3,W,19,1021
2019-09-14,IDCJDW6051,weather_summary-2019-09-14,weather_summary,2019-09-14,14.9,25.6,0,,8.6,,,,20.2,85,6,SW,11,1023.7,,,,,,1021.4
2019-09-15,IDCJDW6051,weather_summary-2019-09-15,weather_summary,2019-09-15,12,23.5,0,,10,,,,15.5,85,1,SW,4,1024.9,,,,,,1022
2019-09-16,IDCJDW6051,weather_summary-2019-09-16,weather_summary,2019-09-16,14,27,0,,9.6,,,,19,76,3,E,13,1021.4,25,68,5,E,13,1017.8
2019-09-17,IDCJDW6051,weather_summary-2019-09-17,weather_summary,2019-09-17,12.5,23.1,0,,7.2,,,,18.1,94,4,N,22,1017.4,22,74,5,SW,22,1016.3
2019-09-18,IDCJDW6051,weather_summary-2019-09-18,weather_summary,2019-09-18,13,21,0,,5.2,,,,19.1,76,6,NE,6,1015.8,20,78,5,E,19,1012.5
2019-09-19,IDCJDW6051,weather_summary-2019-09-19,weather_summary,2019-09-19,10,16,11.2,,8.1,,,,11,84,7,S,20,1020.6,15,70,5,SW,26,1022.2
2019-09-20,IDCJDW6051,weather_summary-2019-09-20,weather_summary,2019-09-20,5,18.9,0,,9.8,,,,15,71,3,S,26,1028.9,,,,,,1026.4
2019-09-21,IDCJDW6051,weather_summary-2019-09-21,weather_summary,2019-09-21,5.4,19.5,0,,10.1,,,,13,78,0,NE,4,1030.8,,,,,,1028.3
2019-09-22,IDCJDW6051,weather_summary-2019-09-22,weather_summary,2019-09-22,7.1,,0,,11.1,,,,13.2,80,1,NE,4,1032.5,,,,,,1029.3
2019-09-23,IDCJDW6051,weather_summary-2019-09-23,weather_summary,2019-09-23,,26.5,0,,10.7,,,,,,,,,1028.6,,,,,,1023.9
2019-09-24,IDCJDW6051,weather_summary-2019-09-24,weather_summary,2019-09-24,12,28.5,0,,11.1,,,,23,59,0,N,15,1019.3,,,,,,1017.7
2019-09-25,IDCJDW6051,weather_summary-2019-09-25,weather_summary,2019-09-25,12,,0,,6.2,,,,14.5,99,8,N,11,1020,22,74,3,W,26,1018.8
2019-09-26,IDCJDW6051,weather_summary-2019-09-26,weather_summary,2019-09-26,,21.1,0,,9.8,,,,,,,,,1021.8,20.5,68,4,SW,15,1020.4
2019-09-27,IDCJDW6051,weather_summary-2019-09-27,weather_summary,2019-09-27,,23.2,0,,11.1,,,,18.5,77,0,E,11,1020.9,22,74,0,SW,30,1018.4
2019-09-28,IDCJDW6051,weather_summary-2019-09-28,weather_summary,2019-09-28,11.5,24.1,0,,11.7,,,,20.2,47,1,NE,9,1021.9,,,,,,1019.5
2019-09-29,IDCJDW6051,weather_summary-2019-09-29,weather_summary,2019-09-29,,,0,,11.2,,,,20.2,74,0,NE,4,1020.4,,,,,,1016.3
2019-09-30,IDCJDW6051,weather_summary-2019-09-30,weather_summary,2019-09-30,,,0,,9.8,,,,,,,,,1017.1,,,,,,1016.7
2019-10-1,IDCJDW6051,weather_summary-2019-10-01,weather_summary,2019-10-01,,25,0,,9.8,,,,,,,,,1022,,,,,,1020
2019-10-2,IDCJDW6051,weather_summary-2019-10-02,weather_summary,2019-10-02,,24,0,,11.1,,,,18,71,3,SW,15,1020.8,23.5,67,2,SSW,22,1019.2
2019-10-3,IDCJDW6051,weather_summary-2019-10-03,weather_summary,2019-10-03,,,0,,9.1,,,,20,72,3,NE,15,1019.1,,,,,,1014.3
2019-10-4,IDCJDW6051,weather_summary-2019-10-04,weather_summary,2019-10-04,,26.6,,,4.7,,,,,,,,,1009.4,15.4,86,6,SW,4,1002
2019-10-5,IDCJDW6051,weather_summary-2019-10-05,weather_summary,2019-10-05,,20.9,9.5,,9.5,,,,14.4,97,6,SW,2,1021.2,,,,,,1021.1
2019-10-6,IDCJDW6051,weather_summary-2019-10-06,weather_summary,2019-10-06,,22,0,,7,,,,14.1,93,8,SE,2,1026,,,,,,1023.3
2019-10-7,IDCJDW6051,weather_summary-2019-10-07,weather_summary,2019-10-07,,,0,,11.5,,,,16.5,75,0,E,28,1026.1,24,65,0,E,6,1021.7
2019-10-8,IDCJDW6051,weather_summary-2019-10-08,weather_summary,2019-10-08,,31,0,,11.5,,,,,,,,,1019.7,30,57,4,SW,11,1015.3
2019-10-9,IDCJDW6051,weather_summary-2019-10-09,weather_summary,2019-10-09,13,30.1,0,,11.6,,,,21,69,2,N,11,1014.8,30,59,1,W,13,1013.9
2019-10-10,IDCJDW6051,weather_summary-2019-10-10,weather_summary,2019-10-10,,23.6,0,,9.2,,,,,,,,,1017.6,,,,,,1017.2
2019-10-11,IDCJDW6051,weather_summary-2019-10-11,weather_summary,2019-10-11,12,21,0,,0,,,,17.8,89,8,E,9,1017.9,19,85,8,SW,22,1016.5
2019-10-12,IDCJDW6051,weather_summary-2019-10-12,weather_summary,2019-10-12,13.5,21.5,2.8,,10.2,,,,16,74,2,S,7,1018.8,,,,,,1016.5
2019-10-13,IDCJDW6051,weather_summary-2019-10-13,weather_summary,2019-10-13,9.5,21.7,0,,11.3,,,,15.8,76,6,N,2,1019.3,,,,,,1016.9
2019-10-14,IDCJDW6051,weather_summary-2019-10-14,weather_summary,2019-10-14,10.7,20.5,0,,10.7,,,,18,73,3,SE,9,1019.7,19.5,74,4,SW,22,1019.2
2019-10-15,IDCJDW6051,weather_summary-2019-10-15,weather_summary,2019-10-15,7.7,19.5,0,,11.5,,,,15,73,3,S,13,1024.5,18.6,70,3,SW,28,1022.7
2019-10-16,IDCJDW6051,weather_summary-2019-10-16,weather_summary,2019-10-16,8.3,22.2,0,,11.9,,,,16,69,1,W,6,1025.8,,,,,,1022.7
2019-10-17,IDCJDW6051,weather_summary-2019-10-17,weather_summary,2019-10-17,9.1,23,0,,11.6,,,,16.1,73,3,S,11,1022.8,22.5,70,2,SW,22,1019.5
2019-10-18,IDCJDW6051,weather_summary-2019-10-18,weather_summary,2019-10-18,11.5,25.8,0,,11.7,,,,18.5,71,6,SE,13,1021.9,25,61,3,SE,15,1018.3
2019-10-19,IDCJDW6051,weather_summary-2019-10-19,weather_summary,2019-10-19,12.5,32.5,0,,11.6,,,,18,75,2,N,4,1017.7,,,,,,1012.8
2019-10-20,IDCJDW6051,weather_summary-2019-10-20,weather_summary,2019-10-20,16.6,25,1.3,,9.9,,,,20.5,86,5,NW,19,1015.5,,,,,,1016.1
2019-10-21,IDCJDW6051,weather_summary-2019-10-21,weather_summary,2019-10-21,12,24,0,,11.1,,,,19,81,2,SW,22,1020.1,23.5,71,0,WSW,26,1018.8
2019-10-22,IDCJDW6051,weather_summary-2019-10-22,weather_summary,2019-10-22,11.9,,0,,12,,,,20.5,75,0,N,4,1019.6,,,,,,1016.5
2019-10-23,IDCJDW6051,weather_summary-2019-10-23,weather_summary,2019-10-23,,,,,8.2,,,,,,,,,1017.8,,,,,,1016.1
2019-10-24,IDCJDW6051,weather_summary-2019-10-24,weather_summary,2019-10-24,,,,,12.2,,,,,,,,,1020.6,,,,,,1020.2
2019-10-25,IDCJDW6051,weather_summary-2019-10-25,weather_summary,2019-10-25,,24.8,,,11.8,,,,,,,,,1022.9,,,,,,1019.8
2019-10-26,IDCJDW6051,weather_summary-2019-10-26,weather_summary,2019-10-26,12,,0,,11.1,,,,20.6,70,2,E,4,1020.9,,,,,,1017.3
2019-10-27,IDCJDW6051,weather_summary-2019-10-27,weather_summary,2019-10-27,,,,,12,,,,,,,,,1014.9,,,,,,1010.7
2019-10-28,IDCJDW6051,weather_summary-2019-10-28,weather_summary,2019-10-28,,,,,9.3,,,,,,,,,1015.1,,,,,,1015.4
2019-10-29,IDCJDW6051,weather_summary-2019-10-29,weather_summary,2019-10-29,,,,,11.6,,,,,,,,,1016.9,,,,,,1012.9
2019-10-30,IDCJDW6051,weather_summary-2019-10-30,weather_summary,2019-10-30,,22.5,,,3.7,,,,,,,,,1009.3,21,76,8,N,56,1005.1
2019-10-31,IDCJDW6051,weather_summary-2019-10-31,weather_summary,2019-10-31,10.7,,11.4,,8.9,,,,16.5,61,6,SW,37,1007.4,16,59,8,SW,46,1008.7
2019-11-1,IDCJDW6051,weather_summary-2019-11-01,weather_summary,2019-11-01,,19.6,,,8,,,,,,,,,1010.6,,,,,,1010.8
2019-11-2,IDCJDW6051,weather_summary-2019-11-02,weather_summary,2019-11-02,11,21.4,18.4,,11.2,,,,15.2,91,2,SW,2,1017.6,,,,,,1018.8
2019-11-3,IDCJDW6051,weather_summary-2019-11-03,weather_summary,2019-11-03,12.3,21.6,0,,8.1,,,,16.1,86,8,NW,2,1024.2,,,,,,1023.1
2019-11-4,IDCJDW6051,weather_summary-2019-11-04,weather_summary,2019-11-04,10.5,27,0,,12.4,,,,20,72,0,NW,15,1025.1,27,40,0,W,11,1022.7
2019-11-5,IDCJDW6051,weather_summary-2019-11-05,weather_summary,2019-11-05,8.8,26,0,,12.6,,,,20.5,73,0,S,11,1025.3,25,57,1,SW,20,1022.7
2019-11-6,IDCJDW6051,weather_summary-2019-11-06,weather_summary,2019-11-06,11,26,0,,12.7,,,,18.1,66,0,S,4,1025,,,,,,1020.8
2019-11-7,IDCJDW6051,weather_summary-2019-11-07,weather_summary,2019-11-07,14.5,29,0,,12.7,,,,20,56,0,SE,4,1022.5,,,,,,1019.1
2019-11-8,IDCJDW6051,weather_summary-2019-11-08,weather_summary,2019-11-08,14,32.5,0,,12.9,,,,20.6,44,0,NW,26,1022.3,31.5,22,0,NE,4,1017.8
2019-11-9,IDCJDW6051,weather_summary-2019-11-09,weather_summary,2019-11-09,20.5,39.4,0,,11.8,,,,27.6,30,8,NE,46,1013.1,,,,,,1007.7
2019-11-10,IDCJDW6051,weather_summary-2019-11-10,weather_summary,2019-11-10,19.9,25,0,,9,,,,21.3,83,8,SE,46,1011.9,,,,,,1012.3
2019-11-11,IDCJDW6051,weather_summary-2019-11-11,weather_summary,2019-11-11,15.8,30.1,0,,11.6,,,,21.7,60,0,N,13,1017,29,35,1,SE,15,1015
2019-11-12,IDCJDW6051,weather_summary-2019-11-12,weather_summary,2019-11-12,14,,0,,12.8,,,,22.5,44,0,NW,15,1022.2,29,33,0,SE,22,1019.6
2019-11-13,IDCJDW6051,weather_summary-2019-11-13,weather_summary,2019-11-13,,36.1,0,,12.7,,,,,,,,,1020.7,35,25,0,SE,28,1016.8
2019-11-14,IDCJDW6051,weather_summary-2019-11-14,weather_summary,2019-11-14,22.1,38.5,0,,12.7,,,,34,27,0, ,Calm,1016.3,37.5,23,0,S,22,1012.6
2019-11-15,IDCJDW6051,weather_summary-2019-11-15,weather_summary,2019-11-15,20.1,38.9,0,,12.5,,,,29.6,38,1,SW,22,1014.4,36.5,30,0,W,11,1011.4
2019-11-16,IDCJDW6051,weather_summary-2019-11-16,weather_summary,2019-11-16,19.4,41.5,0,,12.7,,,,26,51,0,NE,4,1014.2,,,,,,1012.4
2019-11-17,IDCJDW6051,weather_summary-2019-11-17,weather_summary,2019-11-17,,30,0,,10.4,,,,22.5,91,2,SW,2,1016.9,,,,,,1016
2019-11-18,IDCJDW6051,weather_summary-2019-11-18,weather_summary,2019-11-18,17.1,33.5,0,,11.3,,,,26.7,52,0,SW,7,1016.3,32.4,47,7,W,28,1012.4
2019-11-19,IDCJDW6051,weather_summary-2019-11-19,weather_summary,2019-11-19,17.1,26,0,,9.2,,,,22.5,59,8,SW,4,1009.8,23.5,67,8,SW,33,1009.6
2019-11-20,IDCJDW6051,weather_summary-2019-11-20,weather_summary,2019-11-20,14.5,21,0,,12,,,,18.5,55,4,SW,22,1015.5,20,44,2,S,28,1016.8
2019-11-21,IDCJDW6051,weather_summary-2019-11-21,weather_summary,2019-11-21,10,23.5,0,,13.1,,,,19.5,51,0,S,7,1021,22.5,41,0,SW,28,1018.3
2019-11-22,IDCJDW6051,weather_summary-2019-11-22,weather_summary,2019-11-22,13,27.4,0,,9.7,,,,18.8,66,4,N,15,1020.7,26.5,52,0,W,26,1018
2019-11-23,IDCJDW6051,weather_summary-2019-11-23,weather_summary,2019-11-23,16.5,31.3,0,,13.2,,,,17.8,98,2,NE,4,1019,,,,,,1015.2
2019-11-24,IDCJDW6051,weather_summary-2019-11-24,weather_summary,2019-11-24,16.7,29.5,0,,10.2,,,,18,90,3,S,7,1015.4,,,,,,1013.4
2019-11-25,IDCJDW6051,weather_summary-2019-11-25,weather_summary,2019-11-25,17.1,30.1,0,,13,,,,24.5,43,0,E,9,1018.1,,,,,,1015.6
2019-11-26,IDCJDW6051,weather_summary-2019-11-26,weather_summary,2019-11-26,15.5,34,0,,13.1,,,,26,39,0,NW,6,1017,33,21,0,SW,15,1012.3
2019-11-27,IDCJDW6051,weather_summary-2019-11-27,weather_summary,2019-11-27,18,34,0,,12.6,,,,24,33,0,E,9,1015.7,33.5,97,0,SW,15,1012.2
2019-11-28,IDCJDW6051,weather_summary-2019-11-28,weather_summary,2019-11-28,18,30.5,0,,12.8,,,,22,82,0,SE,19,1018.6,30.5,69,0,SW,11,1015.8
2019-11-29,IDCJDW6051,weather_summary-2019-11-29,weather_summary,2019-11-29,15,28.4,0,,13.3,,,,24.5,47,3,SE,15,1024.6,23,100,0,SE,37,1021.6
2019-11-30,IDCJDW6051,weather_summary-2019-11-30,weather_summary,2019-11-30,14.5,30,0,,13.2,,,,18.5,81,0,E,22,1027.9,,,,,,1023.6
2019-12-1,IDCJDW6051,weather_summary-2019-12-01,weather_summary,2019-12-01,15.1,33.5,0,,13.3,,,,20.3,81,0,E,9,1026.1,,,,,,1021.5
2019-12-2,IDCJDW6051,weather_summary-2019-12-02,weather_summary,2019-12-02,19.5,36,0,,13.2,,,,26.5,76,0,S,6,1019.8,34.5,65,0,NW,11,1015.7
2019-12-3,IDCJDW6051,weather_summary-2019-12-03,weather_summary,2019-12-03,24,40.5,0,,13.2,,,,33.5,68,0,NE,30,1011.8,39,62,2,SW,26,1009.5
2019-12-4,IDCJDW6051,weather_summary-2019-12-04,weather_summary,2019-12-04,20.6,,0,,12.8,,,,31.2,74,1,SW,4,1012.3,37,66,2,SW,22,1011.3
2019-12-5,IDCJDW6051,weather_summary-2019-12-05,weather_summary,2019-12-05,,41,0,,13.1,,,,,,,,,1014.8,40.3,60,0,SE,15,1010.9
2019-12-6,IDCJDW6051,weather_summary-2019-12-06,weather_summary,2019-12-06,25,40.1,0,,9.7,,,,31.5,72,7,NW,26,1008.4,34.1,73,7,NE,20,1006
2019-12-7,IDCJDW6051,weather_summary-2019-12-07,weather_summary,2019-12-07,19,27.2,0,,8.6,,,,25.5,88,8,NW,15,1010,,,,,,1011
2019-12-8,IDCJDW6051,weather_summary-2019-12-08,weather_summary,2019-12-08,15.4,28,1,,13.2,,,,21.1,80,8,S,15,1018.9,,,,,,1018.8
2019-12-9,IDCJDW6051,weather_summary-2019-12-09,weather_summary,2019-12-09,15,31,0,,13.2,,,,24,70,0,E,15,1022.1,,,,,,1018.8
2019-12-10,IDCJDW6051,weather_summary-2019-12-10,weather_summary,2019-12-10,16.8,37,0,,12.5,,,,26.1,62,0,SW,11,1019.3,35.5,45,2,S,22,1014.9
2019-12-11,IDCJDW6051,weather_summary-2019-12-11,weather_summary,2019-12-11,21,38,0,,12.1,,,,29,61,0,NE,37,1017.3,,,,,,1014.3
2019-12-12,IDCJDW6051,weather_summary-2019-12-12,weather_summary,2019-12-12,21,,0,,13.2,,,,29,61,0,E,19,1018.3,38,42,0,S,22,1015.5
2019-12-13,IDCJDW6051,weather_summary-2019-12-13,weather_summary,2019-12-13,,,,,13.2,,,,,,,,,1016.4,39.5,40,0,NE,7,1013.4
2019-12-14,IDCJDW6051,weather_summary-2019-12-14,weather_summary,2019-12-14,,40.5,0,,13.2,,,,,,,,,1011.3,,,,,,1008.6
2019-12-15,IDCJDW6051,weather_summary-2019-12-15,weather_summary,2019-12-15,,,0,,12.8,,,,32.3,53,0,NE,2,1005.7,,,,,,1004.1
2019-12-16,IDCJDW6051,weather_summary-2019-12-16,weather_summary,2019-12-16,,,0,,13,,,,,,,,,1006.9,,,,,,1005.8
2019-12-17,IDCJDW6051,weather_summary-2019-12-17,weather_summary,2019-12-17,21.2,36.5,0,,12.3,,,,30.5,57,1,SW,6,1010.9,33.6,53,2,SW,22,1009.8
2019-12-18,IDCJDW6051,weather_summary-2019-12-18,weather_summary,2019-12-18,23.2,35.5,0,,13.2,,,,29.3,41,0,NE,13,1010.6,32.5,37,0,SW,19,1009
2019-12-19,IDCJDW6051,weather_summary-2019-12-19,weather_summary,2019-12-19,20,,0,,7.6,,,,24.5,68,7,NW,19,1010.6,23.6,51,6,W,9,1012.4
2019-12-20,IDCJDW6051,weather_summary-2019-12-20,weather_summary,2019-12-20,17.1,27.5,0,,7.6,,,,22,62,7,S,4,1018.6,26,54,0,SW,6,1016.9
2019-12-21,IDCJDW6051,weather_summary-2019-12-21,weather_summary,2019-12-21,16.6,34.1,0,,12.9,,,,24,53,0,SW,2,1015.7,,,,,,1012.1
2019-12-22,IDCJDW6051,weather_summary-2019-12-22,weather_summary,2019-12-22,15.9,29.6,0,,7.8,,,,21.1,74,7,S,11,1013.4,,,,,,1012.2
2019-12-23,IDCJDW6051,weather_summary-2019-12-23,weather_summary,2019-12-23,18.7,32.8,0,,12.9,,,,26,54,1,S,2,1014.4,31.9,44,5,WSW,4,1013
2019-12-24,IDCJDW6051,weather_summary-2019-12-24,weather_summary,2019-12-24,18.5,,0,,12.7,,,,25.7,47,2,SW,2,1016.6,33.4,46,3,WSW,4,1013.7
2019-12-25,IDCJDW6051,weather_summary-2019-12-25,weather_summary,2019-12-25,,36.6,0,,9.4,,,,,,,,,1013.6,,,,,,1010.9
2019-12-26,IDCJDW6051,weather_summary-2019-12-26,weather_summary,2019-12-26,20.1,30,0,,9.8,,,,25.3,88,5,N,11,1013.5,,,,,,1012.3
2019-12-27,IDCJDW6051,weather_summary-2019-12-27,weather_summary,2019-12-27,,28.5,0,,13,,,,23.6,66,1,SSE,4,1016.8,28.2,43,1,SW,7,1015.3
2019-12-28,IDCJDW6051,weather_summary-2019-12-28,weather_summary,2019-12-28,14,29.3,0,,13.3,,,,21,67,0,S,9,1016.8,,,,,,1014.4
2019-12-29,IDCJDW6051,weather_summary-2019-12-29,weather_summary,2019-12-29,17.8,26.5,0,,11.5,,,,22.1,77,3,NW,6,1013.2,,,,,,1013.4
2019-12-30,IDCJDW6051,weather_summary-2019-12-30,weather_summary,2019-12-30,15.6,26.1,0,,12.3,,,,20.6,52,1,SSW,2,1018.7,24.8,44,0,SSW,6,1017.3
2019-12-31,IDCJDW6051,weather_summary-2019-12-31,weather_summary,2019-12-31,15.3,30.6,0,,13.2,,,,23,50,0,NE,2,1017.6,29.6,39,0,SSW,6,1014
2020-01-1,IDCJDW6051,weather_summary-2020-01-01,weather_summary,2020-01-01,16.1,,0,,13.2,,,,27,44,0,,,1013,,,,,,1010.6
2020-01-2,IDCJDW6051,weather_summary-2020-01-02,weather_summary,2020-01-02,,25,,,9.1,,,,,,,,,1013.5,23.5,64,7,SSW,26,1012.7
2020-01-3,IDCJDW6051,weather_summary-2020-01-03,weather_summary,2020-01-03,13.1,23.4,0.8,,11.9,,,,20.5,86,4,SW,20,1019.9,22,47,4,SW,28,1017.2
2020-01-4,IDCJDW6051,weather_summary-2020-01-04,weather_summary,2020-01-04,12.5,27.8,0,,13.2,,,,17.5,59,0,NE,9,1022.1,,,,,,1017.3
2020-01-5,IDCJDW6051,weather_summary-2020-01-05,weather_summary,2020-01-05,14,35.5,0,,13.2,,,,26.5,36,0,NE,6,1014.2,,,,,,1011.3
2020-01-6,IDCJDW6051,weather_summary-2020-01-06,weather_summary,2020-01-06,16.7,34.5,0,,13.3,,,,29,37,0,SW,13,1011.5,33.5,28,0,W,11,1009.5
2020-01-7,IDCJDW6051,weather_summary-2020-01-07,weather_summary,2020-01-07,19.1,33,0,,13,,,,27.5,41,0,SW,35,1007.7,31.5,33,0,W,15,1006.1
2020-01-8,IDCJDW6051,weather_summary-2020-01-08,weather_summary,2020-01-08,17,30.5,0,,13.2,,,,26.5,56,0,S,22,1007.9,28,42,0,S,30,1006.9
2020-01-9,IDCJDW6051,weather_summary-2020-01-09,weather_summary,2020-01-09,17,,0,,12.7,,,,24,53,0,S,19,1013,27,47,0,S,19,1011.2
2020-01-10,IDCJDW6051,weather_summary-2020-01-10,weather_summary,2020-01-10,,33.4,0,,13.1,,,,,,,,,1019.6,,,,,,1016.7
2020-01-11,IDCJDW6051,weather_summary-2020-01-11,weather_summary,2020-01-11,18.2,36.5,0,,13.1,,,,24.6,49,0,SE,11,1017.2,,,,,,1012
2020-01-12,IDCJDW6051,weather_summary-2020-01-12,weather_summary,2020-01-12,19.5,34.1,0,,13.2,,,,29.6,46,0,NE,4,1010.9,,,,,,1010.1
2020-01-13,IDCJDW6051,weather_summary-2020-01-13,weather_summary,2020-01-13,18.9,,0,,13.1,,,,24.6,58,0,SE,2,1013.7,35.5,33,0,SSE,4,1009.4
2020-01-14,IDCJDW6051,weather_summary-2020-01-14,weather_summary,2020-01-14,,36.5,0,,13.1,,,,,,,,,1011.2,,,,,,1008.5
2020-01-15,IDCJDW6051,weather_summary-2020-01-15,weather_summary,2020-01-15,20,34.5,0,,12.4,,,,26,62,2,E,19,1013.7,32.5,50,0,SE,7,1011
2020-01-16,IDCJDW6051,weather_summary-2020-01-16,weather_summary,2020-01-16,20,36.1,0,,12.1,,,,27,63,2,E,22,1012.8,35.5,42,3,SW,13,1009.3
2020-01-17,IDCJDW6051,weather_summary-2020-01-17,weather_summary,2020-01-17,22,29.4,0,,4.9,,,,25.5,81,0,SW,20,1010.2,28,85,5,W,22,1010.1
2020-01-18,IDCJDW6051,weather_summary-2020-01-18,weather_summary,2020-01-18,19.4,33,0,,13.1,,,,23.5,86,1,S,6,1015.1,,,,,,1012.4
2020-01-19,IDCJDW6051,weather_summary-2020-01-19,weather_summary,2020-01-19,16.7,31.5,0,,13,,,,21.5,83,0,S,9,1017.2,,,,,,1013.5
2020-01-20,IDCJDW6051,weather_summary-2020-01-20,weather_summary,2020-01-20,17.5,33.1,0,,13,,,,27,77,0,SE,9,1012.8,31.6,78,0,SW,26,1010.2
2020-01-21,IDCJDW6051,weather_summary-2020-01-21,weather_summary,2020-01-21,,26,0,,8.1,,,,,,,,,1013.6,25.5,84,3,SW,33,1012.2
2020-01-22,IDCJDW6051,weather_summary-2020-01-22,weather_summary,2020-01-22,,25.1,0,,9.1,,,,,,,,,1017.8,24.5,83,5,SW,28,1015.7
2020-01-23,IDCJDW6051,weather_summary-2020-01-23,weather_summary,2020-01-23,,30,0,,12.6,,,,,,,,,1018.3,,,,,,1015.5
2020-01-24,IDCJDW6051,weather_summary-2020-01-24,weather_summary,2020-01-24,18.5,33.5,0,,13.1,,,,26.4,81,0,E,13,1017.9,32.5,76,0,W,22,1015.3
2020-01-25,IDCJDW6051,weather_summary-2020-01-25,weather_summary,2020-01-25,18.5,33.8,0,,12.6,,,,25.1,88,1, ,Calm,1016.2,,,,,,1013.5
2020-01-26,IDCJDW6051,weather_summary-2020-01-26,weather_summary,2020-01-26,21.4,37.7,0,,13.1,,,,26.4,83,2,S,11,1014.9,,,,,,1011.8
2020-01-27,IDCJDW6051,weather_summary-2020-01-27,weather_summary,2020-01-27,24,40.5,0,,13,,,,29,77,2,NW,6,1012.4,,,,,,1009.5
2020-01-28,IDCJDW6051,weather_summary-2020-01-28,weather_summary,2020-01-28,24.5,36.5,0,,13,,,,30.1,81,0,SW,4,1009.7,35.5,77,0,SW,20,1007.7
2020-01-29,IDCJDW6051,weather_summary-2020-01-29,weather_summary,2020-01-29,18.5,,0,,12.6,,,,24,91,0,N,11,1009.9,21.5,86,3,SW,19,1007.7
2020-01-30,IDCJDW6051,weather_summary-2020-01-30,weather_summary,2020-01-30,,24.5,0,,11.4,,,,,,,,,1009.1,,,,,,1009.1
2020-01-31,IDCJDW6051,weather_summary-2020-01-31,weather_summary,2020-01-31,11.6,24.6,0,,12.7,,,,19.5,85,0,SW,15,1014.9,23.5,80,3,SE,28,1014
2020-02-1,IDCJDW6051,weather_summary-2020-02-01,weather_summary,2020-02-01,14.1,30,0,,11.8,,,,21.6,73,4,E,2,1021.6,,,,,,1017.7
2020-02-2,IDCJDW6051,weather_summary-2020-02-02,weather_summary,2020-02-02,17,35,0,,12.9,,,,22.5,84,0,N,2,1020.8,,,,,,1015.7
2020-02-3,IDCJDW6051,weather_summary-2020-02-03,weather_summary,2020-02-03,18.1,38.5,0,,12.8,,,,25.3,78,0,E,7,1016.9,37,75,0,E,22,1012.5
2020-02-4,IDCJDW6051,weather_summary-2020-02-04,weather_summary,2020-02-04,23,42.5,0,,10.6,,,,28.5,81,2,NE,22,1011.8,,,,,,1007.9
2020-02-5,IDCJDW6051,weather_summary-2020-02-05,weather_summary,2020-02-05,26.1,37.1,0,,12.7,,,,33.8,75,1,NE,2,1009.7,34.3,81,2,W,2,1008.6
2020-02-6,IDCJDW6051,weather_summary-2020-02-06,weather_summary,2020-02-06,22.7,32.1,0,,11,,,,26,95,1,NNW,4,1010.6,32,76,0,W,20,1008.5
2020-02-7,IDCJDW6051,weather_summary-2020-02-07,weather_summary,2020-02-07,21,30.8,0,,8.8,,,,23.7,95,4,SW,22,1010.5,29.5,82,1,SW,22,1008.5
2020-02-8,IDCJDW6051,weather_summary-2020-02-08,weather_summary,2020-02-08,20,29.6,0,,11.6,,,,24.2,,2,S,2,1009.1,,,,,,1007.9
2020-02-9,IDCJDW6051,weather_summary-2020-02-09,weather_summary,2020-02-09,,30,0,,12.6,,,,21.6,84,0,SW,9,1015.4,,,,,,1011
2020-02-10,IDCJDW6051,weather_summary-2020-02-10,weather_summary,2020-02-10,15.5,33.1,0,,12.4,,,,21.5,82,0,SE,28,1014.7,31.5,72,0,E,15,1009.6
2020-02-11,IDCJDW6051,weather_summary-2020-02-11,weather_summary,2020-02-11,19.5,35,0,,8.8,,,,23,83,6,E,22,1012.6,,,,,,1009.5
2020-02-12,IDCJDW6051,weather_summary-2020-02-12,weather_summary,2020-02-12,20,,0,,12,,,,26,84,3,NE,6,1013.5,33.5,77,3,W,22,1010.8
2020-02-13,IDCJDW6051,weather_summary-2020-02-13,weather_summary,2020-02-13,,36.5,0,,11.2,,,,,,,,,1012.7,34.5,77,0,SW,20,1009.9
2020-02-14,IDCJDW6051,weather_summary-2020-02-14,weather_summary,2020-02-14,24,41.5,0,,12.3,,,,32,79,0,NW,4,1010.4,40.5,27,3,SE,6,1006.1
2020-02-15,IDCJDW6051,weather_summary-2020-02-15,weather_summary,2020-02-15,22.5,27.3,0,,3.2,,,,25.2,75,7,SW,9,1010.5,,,,,,1010.3
2020-02-16,IDCJDW6051,weather_summary-2020-02-16,weather_summary,2020-02-16,17.1,27.5,0,,12.3,,,,20.5,66,1,S,6,1015.8,,,,,,1014.3
2020-02-17,IDCJDW6051,weather_summary-2020-02-17,weather_summary,2020-02-17,18,33,0,,12.3,,,,26.5,49,1,NE,9,1020.4,,,,,,1016.5
2020-02-18,IDCJDW6051,weather_summary-2020-02-18,weather_summary,2020-02-18,17.5,34.5,0,,10.5,,,,25,45,2,NE,4,1018.1,33.1,32,7,E,2,1013.6
2020-02-19,IDCJDW6051,weather_summary-2020-02-19,weather_summary,2020-02-19,22.5,36,0,,9.1,,,,28.9,38,3,NE,22,1013.3,34.5,34,6,W,2,1010.6
2020-02-20,IDCJDW6051,weather_summary-2020-02-20,weather_summary,2020-02-20,25,37.5,0,,10,,,,29.5,38,4,E,15,1013.9,35.5,25,7,NE,6,1011.8
2020-02-21,IDCJDW6051,weather_summary-2020-02-21,weather_summary,2020-02-21,23,33.6,0,,0.8,,,,26.5,46,8,NE,11,1016.2,31.5,29,8,SE,15,1012.9
2020-02-22,IDCJDW6051,weather_summary-2020-02-22,weather_summary,2020-02-22,20.9,28.8,0.8,,0.5,,,,22.3,88,8, ,Calm,1013.8,,,,,,1010.3
2020-02-23,IDCJDW6051,weather_summary-2020-02-23,weather_summary,2020-02-23,20,34.5,0,,10.2,,,,24.7,77,3,NE,6,1012.7,,,,,,1009.3
2020-02-24,IDCJDW6051,weather_summary-2020-02-24,weather_summary,2020-02-24,21.2,,0,,9.7,,,,23,96,4,N,15,1013,31,51,6,NE,28,1010.3
2020-02-25,IDCJDW6051,weather_summary-2020-02-25,weather_summary,2020-02-25,,33.6,,,9.7,,,,,,,,,1013.4,32.5,50,4,SE,33,1011.3
2020-02-26,IDCJDW6051,weather_summary-2020-02-26,weather_summary,2020-02-26,21,31.5,7,,5.8,,,,25.1,71,4,SE,17,1014,24.5,83,8,NW,33,1014.3
2020-02-27,IDCJDW6051,weather_summary-2020-02-27,weather_summary,2020-02-27,20.7,26.5,4,,0,,,,24.5,83,8,NW,6,1011.8,24.5,83,8,NW,33,1010.1
2020-02-28,IDCJDW6051,weather_summary-2020-02-28,weather_summary,2020-02-28,21.2,31.2,10.6,,7,,,,23.8,76,8,NE,37,1008.7,28.6,60,7,NE,22,1006.1
2020-02-29,IDCJDW6051,weather_summary-2020-02-29,weather_summary,2020-02-29,20.9,28.2,0.4,,11.6,,,,24.7,77,8,W,4,1008.4,,,,,,1007.4
2020-03-1,IDCJDW6051,weather_summary-2020-03-01,weather_summary,2020-03-01,20.5,28.1,0,,10.4,,,,23.4,73,8,E,31,1014.9,,,,,,1014.6
2020-03-2,IDCJDW6051,weather_summary-2020-03-02,weather_summary,2020-03-02,16.1,,0,,10.5,,,,18.5,62,6,E,41,1019.8,,,,,,1016.2
2020-03-3,IDCJDW6051,weather_summary-2020-03-03,weather_summary,2020-03-03,,34,0,,12,,,,,,,,,1018,32.5,29,0,S,4,1013.3
2020-03-4,IDCJDW6051,weather_summary-2020-03-04,weather_summary,2020-03-04,18.1,33.6,0,,11.3,,,,27.5,41,8,N,11,1012.9,,,,,,1009.4
2020-03-5,IDCJDW6051,weather_summary-2020-03-05,weather_summary,2020-03-05,15.5,32.5,0,,10,,,,28.1,40,4,SW,7,1008.1,32,33,4,S,4,1005.2
2020-03-6,IDCJDW6051,weather_summary-2020-03-06,weather_summary,2020-03-06,,27,0,,10.8,,,,,,,,,1008.3,25.5,65,4,SW,11,1009.8
2020-03-7,IDCJDW6051,weather_summary-2020-03-07,weather_summary,2020-03-07,20.2,27.6,0,,6.4,,,,22.5,90,7,S,4,1016.7,,,,,,1016.2
2020-03-8,IDCJDW6051,weather_summary-2020-03-08,weather_summary,2020-03-08,18,32.5,0,,10.9,,,,22.1,86,0,SW,4,1016.7,,,,,,1013.5
2020-03-9,IDCJDW6051,weather_summary-2020-03-09,weather_summary,2020-03-09,21.8,,0,,7.5,,,,25.5,61,5,W,6,1015.4,,,,,,1011.3
2020-03-10,IDCJDW6051,weather_summary-2020-03-10,weather_summary,2020-03-10,,36,0,,11.5,,,,,,,,,1013.7,35,32,2,S,2,1010.4
2020-03-11,IDCJDW6051,weather_summary-2020-03-11,weather_summary,2020-03-11,20.6,36,0,,11.2,,,,26.3,56,1,NE,4,1011,35.1,34,0,W,9,1007.6
2020-03-12,IDCJDW6051,weather_summary-2020-03-12,weather_summary,2020-03-12,17.1,34,0,,10.6,,,,22.8,79,0,S,4,1013.6,33.3,34,4,SE,4,1012.9
2020-03-13,IDCJDW6051,weather_summary-2020-03-13,weather_summary,2020-03-13,19,33.5,0,,10.9,,,,25,61,2,NW,6,1019,32,41,4,SW,19,1014.8
2020-03-14,IDCJDW6051,weather_summary-2020-03-14,weather_summary,2020-03-14,,32.5,0,,0.4,,,,24.6,62,8,E,7,1013.7,,,,,,1008
2020-03-15,IDCJDW6051,weather_summary-2020-03-15,weather_summary,2020-03-15,,26.5,8,,4.8,,,,22.2,100,6,NE,2,1009.2,,,,,,1008.7
2020-03-16,IDCJDW6051,weather_summary-2020-03-16,weather_summary,2020-03-16,18.5,28,0,,9.1,,,,22.1,86,5,S,7,1014.1,26.5,60,4,SW,11,1012.7
2020-03-17,IDCJDW6051,weather_summary-2020-03-17,weather_summary,2020-03-17,,26,,,3,,,,,,,,,1013.8,23.5,71,8,NW,22,1013
2020-03-18,IDCJDW6051,weather_summary-2020-03-18,weather_summary,2020-03-18,13,24,10,,10.4,,,,20,68,4,SW,22,1019.7,22,54,3,SW,28,1019.8
2020-03-19,IDCJDW6051,weather_summary-2020-03-19,weather_summary,2020-03-19,13.8,25,0,,3.7,,,,20,67,4,E,19,1026,24,53,6,N,6,1022.2
2020-03-20,IDCJDW6051,weather_summary-2020-03-20,weather_summary,2020-03-20,,32.5,0,,7,,,,,,,,,1021.9,31,46,0,N,6,1018.1
2020-03-21,IDCJDW6051,weather_summary-2020-03-21,weather_summary,2020-03-21,16.8,32.5,0,,9.4,,,,23.2,80,4,SE,7,1021.6,,,,,,1018.5
2020-03-22,IDCJDW6051,weather_summary-2020-03-22,weather_summary,2020-03-22,,32.5,0,,10.5,,,,22.2,75,1,E,33,1023.6,,,,,,1019.5
2020-03-23,IDCJDW6051,weather_summary-2020-03-23,weather_summary,2020-03-23,19,,0,,10.7,,,,24.5,68,0,NW,22,1020.7,,,,,,1016.9
2020-03-24,IDCJDW6051,weather_summary-2020-03-24,weather_summary,2020-03-24,,,0,,10.6,,,,,,,,,1018,,,,,,1014.6
2020-03-25,IDCJDW6051,weather_summary-2020-03-25,weather_summary,2020-03-25,,34.5,0,,8.4,,,,,,,,,1015.9,,,,,,1013.9
2020-03-26,IDCJDW6051,weather_summary-2020-03-26,weather_summary,2020-03-26,19.5,36.5,0,,10.4,,,,28.5,54,1,NW,2,1016.1,35.5,38,2,SW,6,1012.9
2020-03-27,IDCJDW6051,weather_summary-2020-03-27,weather_summary,2020-03-27,23.5,28.6,0,,7.6,,,,26,84,6,W,15,1013.4,27,77,6,NW,13,1011.6
2020-03-28,IDCJDW6051,weather_summary-2020-03-28,weather_summary,2020-03-28,18.8,24.1,2.3,,9.6,,,,20.4,86,8,SW,6,1016.5,,,,,,1016
2020-03-29,IDCJDW6051,weather_summary-2020-03-29,weather_summary,2020-03-29,13.2,23.5,0,,4.1,,,,17.9,79,8,NE,2,1020,,,,,,1018.1
2020-03-30,IDCJDW6051,weather_summary-2020-03-30,weather_summary,2020-03-30,11.5,24.5,0,,8.2,,,,20,64,6,W,15,1019.9,23.5,60,4,SW,11,1016.6
2020-03-31,IDCJDW6051,weather_summary-2020-03-31,weather_summary,2020-03-31,12,26.1,0,,10.3,,,,20.3,79,0,SW,15,1018.8,,,,,,1015.2
2020-04-1,IDCJDW6051,weather_summary-2020-04-01,weather_summary,2020-04-01,14.3,,0,,6.6,,,,22.4,75,0,E,6,1014.8,,,,,,1010.9
2020-04-2,IDCJDW6051,weather_summary-2020-04-02,weather_summary,2020-04-02,,24.5,0,,7.1,,,,,,,,,1013,23.5,63,4,SW,15,1012
2020-04-3,IDCJDW6051,weather_summary-2020-04-03,weather_summary,2020-04-03,11,24.5,0,,10.4,,,,19,63,0,S,7,1021.5,24,50,0,S,15,1017.7
2020-04-4,IDCJDW6051,weather_summary-2020-04-04,weather_summary,2020-04-04,,26.2,0,,6.1,,,,,,,,,1020.7,,,,,,1017.8
2020-04-5,IDCJDW6051,weather_summary-2020-04-05,weather_summary,2020-04-05,13.6,25.5,0,,2,,,,17.6,80,8,NW,2,1017.2,,,,,,1014.3
2020-04-6,IDCJDW6051,weather_summary-2020-04-06,weather_summary,2020-04-06,16.8,32.5,0,,9.1,,,,23.5,56,4,NE,22,1014.7,31.5,40,1,SE,4,1010.7
2020-04-7,IDCJDW6051,weather_summary-2020-04-07,weather_summary,2020-04-07,20.1,34.5,0,,9.9,,,,27,56,0,NE,19,1013.6,34,41,3,NE,11,1009.2
2020-04-8,IDCJDW6051,weather_summary-2020-04-08,weather_summary,2020-04-08,,33.5,0,,10.5,,,,,,,,,1012.4,32.5,52,0,NW,15,1011.3
2020-04-9,IDCJDW6051,weather_summary-2020-04-09,weather_summary,2020-04-09,,,0,,9.5,,,,,,,,,1016,,,,,,1014.2
2020-04-10,IDCJDW6051,weather_summary-2020-04-10,weather_summary,2020-04-10,,36.6,0,,10.5,,,,,,,,,1016.9,,,,,,1015
2020-04-11,IDCJDW6051,weather_summary-2020-04-11,weather_summary,2020-04-11,16.5,39.5,0,,9.8,,,,27.5,64,0,SW,11,1015.8,,,,,,1013.2
2020-04-12,IDCJDW6051,weather_summary-2020-04-12,weather_summary,2020-04-12,21.5,26.6,0,,2.1,,,,22.9,88,8,SE,4,1015.6,,,,,,1014.7
2020-04-13,IDCJDW6051,weather_summary-2020-04-13,weather_summary,2020-04-13,16.1,26.5,0,,9.7,,,,23.1,80,8,SW,6,1018,,,,,,1015.7
2020-04-14,IDCJDW6051,weather_summary-2020-04-14,weather_summary,2020-04-14,14,25.5,0,,8.6,,,,22.5,83,1,S,11,1019.2,24.5,68,2,SW,22,1017.6
2020-04-15,IDCJDW6051,weather_summary-2020-04-15,weather_summary,2020-04-15,13.8,25,0,,7.7,,,,21,77,3,SW,15,1021.6,24,64,5,SW,28,1020.6
2020-04-16,IDCJDW6051,weather_summary-2020-04-16,weather_summary,2020-04-16,13,26.1,0,,8.9,,,,18.6,80,0,NE,15,1023.7,,,,,,1019.2
2020-04-17,IDCJDW6051,weather_summary-2020-04-17,weather_summary,2020-04-17,15.5,28.2,0,,5.8,,,,20.3,71,8,N,2,1019,27.5,54,4,S,2,1015.5
2020-04-18,IDCJDW6051,weather_summary-2020-04-18,weather_summary,2020-04-18,13.1,21.5,0,,0.7,,,,15.9,97,7,S,2,1013.1,,,,,,1010.2
2020-04-19,IDCJDW6051,weather_summary-2020-04-19,weather_summary,2020-04-19,14.3,23,5,,4.9,,,,21.5,80,7,SW,2,1012,,,,,,1013
2020-04-20,IDCJDW6051,weather_summary-2020-04-20,weather_summary,2020-04-20,10,24.5,0,,7.3,,,,18.5,85,6,NW,13,1015,23.5,71,7,SW,30,1014.1
2020-04-21,IDCJDW6051,weather_summary-2020-04-21,weather_summary,2020-04-21,16,25,0,,7.4,,,,19.5,90,6,N,11,1016.8,,,,,,1015.3
2020-04-22,IDCJDW6051,weather_summary-2020-04-22,weather_summary,2020-04-22,15,25,0,,3.3,,,,19.5,100,8,N,4,1017.2,23,83,8,W,22,1015.7
2020-04-23,IDCJDW6051,weather_summary-2020-04-23,weather_summary,2020-04-23,15,25.4,1,,8.1,,,,21,82,3,S,6,1021.5,24.5,57,1,SW,11,1018.4
2020-04-24,IDCJDW6051,weather_summary-2020-04-24,weather_summary,2020-04-24,,23.2,,,2.9,,,,,,,,,1018.6,22.1,82,8,SW,4,1016.8
2020-04-25,IDCJDW6051,weather_summary-2020-04-25,weather_summary,2020-04-25,17,24.4,2,,7.5,,,,17.9,99,8,SW,6,1021,,,,,,1020.8
2020-04-26,IDCJDW6051,weather_summary-2020-04-26,weather_summary,2020-04-26,12.5,26.4,0,,9.8,,,,17.3,91,8,SW,4,1024.2,,,,,,1020.6
2020-04-27,IDCJDW6051,weather_summary-2020-04-27,weather_summary,2020-04-27,11.6,23.5,0,,7.3,,,,13.9,100,8,E,6,1019.6,,,,,,1017.5
2020-04-28,IDCJDW6051,weather_summary-2020-04-28,weather_summary,2020-04-28,13,21.6,0,,10,,,,16.5,79,0,S,15,1022.9,20.5,61,0,S,15,1022.1
2020-04-29,IDCJDW6051,weather_summary-2020-04-29,weather_summary,2020-04-29,11,22.8,0,,10,,,,15.5,70,0,S,6,1029.9,22,58,0,N,6,1026.8
2020-04-30,IDCJDW6051,weather_summary-2020-04-30,weather_summary,2020-04-30,10.7,22.5,0,,10,,,,15,73,1,NNE,19,1032.2,16,64,0,NE,22,1026.9
2020-05-1,IDCJDW6051,weather_summary-2020-05-01,weather_summary,2020-05-01,,25.2,,,9.2,,,,,,,,,1026,23.5,56,0,NE,19,1020.9
2020-05-2,IDCJDW6051,weather_summary-2020-05-02,weather_summary,2020-05-02,15,28.6,0.5,,9.9,,,,19.8,58,0,NE,15,1019.2,,,,,,1016.1
2020-05-3,IDCJDW6051,weather_summary-2020-05-03,weather_summary,2020-05-03,16.9,29.5,0,,9.3,,,,24.5,43,0,N,9,1016.7,,,,,,1014.2
2020-05-4,IDCJDW6051,weather_summary-2020-05-04,weather_summary,2020-05-04,18.1,24.1,0,,0.1,,,,21,98,8,NW,6,1013.2,19,100,8,NW,4,1013.5
2020-05-5,IDCJDW6051,weather_summary-2020-05-05,weather_summary,2020-05-05,15.5,23.5,,,7.4,,,,18.5,95,8,NW,7,1011.6,21.4,74,8,NW,11,1005.9
2020-05-6,IDCJDW6051,weather_summary-2020-05-06,weather_summary,2020-05-06,11,17.1,,,5.4,,,,12,100,8,SW,56,1013.6,14.5,89,6,NW,4,1016.7
2020-05-7,IDCJDW6051,weather_summary-2020-05-07,weather_summary,2020-05-07,10,18.5,,,2.8,,,,14.5,89,6,NW,4,1022,14.5,89,8,NW,9,1019.5
2020-05-8,IDCJDW6051,weather_summary-2020-05-08,weather_summary,2020-05-08,12,18.8,,,9.4,,,,15,79,0,S,11,1023.4,18,58,0,S,20,1023.2
2020-05-9,IDCJDW6051,weather_summary-2020-05-09,weather_summary,2020-05-09,9,21.5,0,,9.6,,,,13,73,1,E,7,1027.2,,,,,,1024.4
2020-05-10,IDCJDW6051,weather_summary-2020-05-10,weather_summary,2020-05-10,8.5,24.4,0,,9.7,,,,16,63,0,E,2,1023.7,,,,,,1020.4
2020-05-11,IDCJDW6051,weather_summary-2020-05-11,weather_summary,2020-05-11,6.7,23.5,0,,8.2,,,,10.6,89,1, ,Calm,1023.6,22.7,52,1,SW,2,1021.4
2020-05-12,IDCJDW6051,weather_summary-2020-05-12,weather_summary,2020-05-12,10.5,23,0,,9.3,,,,18,71,2,E,7,1026.7,22,54,2,S,2,1023.9
2020-05-13,IDCJDW6051,weather_summary-2020-05-13,weather_summary,2020-05-13,15,28.5,0,,5.6,,,,21,42,2,N,9,1023.1,27.5,30,2,N,6,1020.5
2020-05-14,IDCJDW6051,weather_summary-2020-05-14,weather_summary,2020-05-14,10.5,28,0,,9.5,,,,22,36,1,NE,2,1022.5,27.5,24,0,W,13,1020.3
2020-05-15,IDCJDW6051,weather_summary-2020-05-15,weather_summary,2020-05-15,7.1,24.8,0,,9.5,,,,12.5,77,0,SW,2,1020.8,,,,,,1020.2
2020-05-16,IDCJDW6051,weather_summary-2020-05-16,weather_summary,2020-05-16,12.2,,0,,9.4,,,,15.6,77,6,SE,4,1027,,,,,,1023.4
2020-05-17,IDCJDW6051,weather_summary-2020-05-17,weather_summary,2020-05-17,9.2,22.8,0,,8.1,,,,12.5,86,6,SW,2,1023.3,,,,,,1020.7
2020-05-18,IDCJDW6051,weather_summary-2020-05-18,weather_summary,2020-05-18,7.2,,0,,9,,,,16,64,1,SE,22,1026.3,,,,,,1024.8
2020-05-19,IDCJDW6051,weather_summary-2020-05-19,weather_summary,2020-05-19,,20.2,0,,9.2,,,,,,,,,1031.2,19.5,39,0,E,19,1026.9
2020-05-20,IDCJDW6051,weather_summary-2020-05-20,weather_summary,2020-05-20,8.5,20.5,0,,9.3,,,,15,68,1,NE,4,1030.8,19,52,0,NE,11,1027.1
2020-05-21,IDCJDW6051,weather_summary-2020-05-21,weather_summary,2020-05-21,6.9,22.1,0,,9.5,,,,15,68,0,NE,11,1028.6,,,,,,1024.2
2020-05-22,IDCJDW6051,weather_summary-2020-05-22,weather_summary,2020-05-22,10.9,25.1,0,,9.3,,,,16,55,0,E,15,1023.8,,,,,,1020.4
2020-05-23,IDCJDW6051,weather_summary-2020-05-23,weather_summary,2020-05-23,12,27.2,0,,9.1,,,,19.3,32,2,NE,7,1020.9,,,,,,1016
2020-05-24,IDCJDW6051,weather_summary-2020-05-24,weather_summary,2020-05-24,18.2,22.5,0,,0,,,,20.4,27,8,NE,19,1006.9,,,,,,994.7
2020-05-25,IDCJDW6051,weather_summary-2020-05-25,weather_summary,2020-05-25,,17,24.3,,3.3,,,,16.4,69,8,SSW,11,1003.6,12.4,81,6,SW,4,1007.8
2020-05-26,IDCJDW6051,weather_summary-2020-05-26,weather_summary,2020-05-26,9.5,18,8.5,,2.8,,,,13,88,2,NNE,2,1020.6,,,,,,1020
2020-05-27,IDCJDW6051,weather_summary-2020-05-27,weather_summary,2020-05-27,12.3,21.2,2,,3,,,,12.9,96,8,N,2,1021.9,19.6,61,3,W,9,1019.1
2020-05-28,IDCJDW6051,weather_summary-2020-05-28,weather_summary,2020-05-28,12.7,21,5.9,,4.4,,,,14.5,99,8,N,4,1019.2,19.5,71,6,W,11,1016
2020-05-29,IDCJDW6051,weather_summary-2020-05-29,weather_summary,2020-05-29,14.1,21.6,26.4,,4.9,,,,15.7,93,6,N,7,1011.2,15.8,97,8,N,4,1009.1
2020-05-30,IDCJDW6051,weather_summary-2020-05-30,weather_summary,2020-05-30,9.2,18.1,27,,5.2,,,,11,94,7, ,Calm,1020.6,,,,,,1019.9
2020-05-31,IDCJDW6051,weather_summary-2020-05-31,weather_summary,2020-05-31,11,20.7,4.4,,4.8,,,,14.7,93,7,NE,2,1025.1,,,,,,1024.8
2020-06-1,IDCJDW6051,weather_summary-2020-06-01,weather_summary,2020-06-01,10.9,20.2,2,,4,,,,13.1,94,7, ,Calm,1028.7,,,,,,1026.4
2020-06-2,IDCJDW6051,weather_summary-2020-06-02,weather_summary,2020-06-02,11.6,21.5,0,,4.7,,,,15.3,73,6,SSE,2,1026.8,19.8,56,5,NNE,2,1023.5
2020-06-3,IDCJDW6051,weather_summary-2020-06-03,weather_summary,2020-06-03,13.6,25,0,,9,,,,16.5,69,1, ,Calm,1024.2,23.7,41,1,WNW,4,1021.4
2020-06-4,IDCJDW6051,weather_summary-2020-06-04,weather_summary,2020-06-04,13.1,26.1,0,,7.1,,,,16.7,73,6,SSE,2,1023.7,24.8,44,4, ,Calm,1021.7
2020-06-5,IDCJDW6051,weather_summary-2020-06-05,weather_summary,2020-06-05,15.7,25.1,0,,7.4,,,,18.1,64,0,S,2,1024.7,,,,,,1022.4
2020-06-6,IDCJDW6051,weather_summary-2020-06-06,weather_summary,2020-06-06,17.9,25,0,,0.3,,,,21.5,36,8,NE,4,1022.5,,,,,,1020.2
2020-06-7,IDCJDW6051,weather_summary-2020-06-07,weather_summary,2020-06-07,15.3,23.8,3.2,,2.2,,,,15.4,97,8,NE,2,1021,,,,,,1018.7
2020-06-8,IDCJDW6051,weather_summary-2020-06-08,weather_summary,2020-06-08,11,,0,,9.2,,,,15.5,64,0,E,2,1022.3,23.5,32,2,N,2,1020.1
2020-06-9,IDCJDW6051,weather_summary-2020-06-09,weather_summary,2020-06-09,,,,,9.1,,,,,,,,,1020.6,,,,,,1018.4
2020-06-10,IDCJDW6051,weather_summary-2020-06-10,weather_summary,2020-06-10,,,,,3.2,,,,,,,,,1015,,,,,,1012.1
2020-06-11,IDCJDW6051,weather_summary-2020-06-11,weather_summary,2020-06-11,,,,,4.2,,,,,,,,,1007.7,,,,,,1006.2
2020-06-12,IDCJDW6051,weather_summary-2020-06-12,weather_summary,2020-06-12,,18.5,,,5.9,,,,,,,,,1011.3,,,,,,1014.2
2020-06-13,IDCJDW6051,weather_summary-2020-06-13,weather_summary,2020-06-13,9.5,19.4,0.5,,3.3,,,,12.5,85,7,NW,4,1022.2,,,,,,1021.1
2020-06-14,IDCJDW6051,weather_summary-2020-06-14,weather_summary,2020-06-14,12,,7.5,,6.9,,,,14,100,6,N,2,1025.5,,,,,,1024.1
2020-06-15,IDCJDW6051,weather_summary-2020-06-15,weather_summary,2020-06-15,,,,,0.4,,,,,,,,,1026.9,,,,,,1024.5
2020-06-16,IDCJDW6051,weather_summary-2020-06-16,weather_summary,2020-06-16,,,,,9.1,,,,,,,,,1024.5,,,,,,1019.5
2020-06-17,IDCJDW6051,weather_summary-2020-06-17,weather_summary,2020-06-17,,,,,3.1,,,,,,,,,1010.2,,,,,,1007.5
2020-06-18,IDCJDW6051,weather_summary-2020-06-18,weather_summary,2020-06-18,,,,,6.3,,,,,,,,,1016.6,,,,,,1018.8
2020-06-19,IDCJDW6051,weather_summary-2020-06-19,weather_summary,2020-06-19,,19.4,,,8.2,,,,,,,,,1027.9,,,,,,1026.5
2020-06-20,IDCJDW6051,weather_summary-2020-06-20,weather_summary,2020-06-20,7.2,19.7,0,,9.1,,,,11.2,73,0,NE,19,1027.1,,,,,,1023.2
2020-06-21,IDCJDW6051,weather_summary-2020-06-21,weather_summary,2020-06-21,10.4,,0,,9.1,,,,14.3,49,0,NE,6,1021.3,,,,,,1017.4
2020-06-22,IDCJDW6051,weather_summary-2020-06-22,weather_summary,2020-06-22,,,,,2.1,,,,,,,,,1014.8,,,,,,1009.3
2020-06-23,IDCJDW6051,weather_summary-2020-06-23,weather_summary,2020-06-23,,,,,8.2,,,,,,,,,1014.2,,,,,,1015
2020-06-24,IDCJDW6051,weather_summary-2020-06-24,weather_summary,2020-06-24,,,,,6.4,,,,,,,,,1022.6,,,,,,1021.6
2020-06-25,IDCJDW6051,weather_summary-2020-06-25,weather_summary,2020-06-25,,,,,7.8,,,,,,,,,1022,,,,,,1016.7
2020-06-26,IDCJDW6051,weather_summary-2020-06-26,weather_summary,2020-06-26,,,,,7.8,,,,,,,,,1014.8,,,,,,1012.8
2020-06-27,IDCJDW6051,weather_summary-2020-06-27,weather_summary,2020-06-27,13.6,,2.4,,4.9,,,,14.4,100,4,NE,4,1015.5,,,,,,1012.9
2020-06-28,IDCJDW6051,weather_summary-2020-06-28,weather_summary,2020-06-28,13.9,,,,1.1,,,,15.8,97,7,N,4,1010.2,,,,,,1007.7
2020-06-29,IDCJDW6051,weather_summary-2020-06-29,weather_summary,2020-06-29,,,,,4.8,,,,,,,,,1009.6,,,,,,1012.3
2020-06-30,IDCJDW6051,weather_summary-2020-06-30,weather_summary,2020-06-30,,,,,4.4,,,,,,,,,1015.1,,,,,,1014.5
2020-07-1,IDCJDW6051,weather_summary-2020-07-01,weather_summary,2020-07-01,,,,,2.6,,,,,,,,,1021.7,,,,,,1021.4
2020-07-2,IDCJDW6051,weather_summary-2020-07-02,weather_summary,2020-07-02,,,,,9.1,,,,,,,,,1027.9,,,,,,1025.5
2020-07-3,IDCJDW6051,weather_summary-2020-07-03,weather_summary,2020-07-03,,,,,9.3,,,,,,,,,1030.3,,,,,,1026.8
2020-07-4,IDCJDW6051,weather_summary-2020-07-04,weather_summary,2020-07-04,,,,,9.3,,,,,,,,,1025.6,,,,,,1022
2020-07-5,IDCJDW6051,weather_summary-2020-07-05,weather_summary,2020-07-05,14.3,,0,,5,,,,18.5,42,4,N,2,1018.7,,,,,,1015.1
2020-07-6,IDCJDW6051,weather_summary-2020-07-06,weather_summary,2020-07-06,,,,,5.6,,,,,,,,,1016.6,,,,,,1016.9
2020-07-7,IDCJDW6051,weather_summary-2020-07-07,weather_summary,2020-07-07,,,,,5.6,,,,,,,,,1022.9,,,,,,1021.6
2020-07-8,IDCJDW6051,weather_summary-2020-07-08,weather_summary,2020-07-08,,,,,3.2,,,,,,,,,1024.6,,,,,,1022.7
2020-07-9,IDCJDW6051,weather_summary-2020-07-09,weather_summary,2020-07-09,,,,,9.1,,,,,,,,,1027.5,,,,,,1025.9
2020-07-10,IDCJDW6051,weather_summary-2020-07-10,weather_summary,2020-07-10,,16.8,,,9.2,,,,,,,,,1031.9,,,,,,1028.4
2020-07-11,IDCJDW6051,weather_summary-2020-07-11,weather_summary,2020-07-11,8.5,18.7,4,,9.2,,,,10.5,63,0, ,,1030.2,,,,,,1026.3
2020-07-12,IDCJDW6051,weather_summary-2020-07-12,weather_summary,2020-07-12,7.8,,0,,9.3,,,,,,0,NE,7,1020.4,,,,,,1016.1
2020-07-13,IDCJDW6051,weather_summary-2020-07-13,weather_summary,2020-07-13,,,,,4.6,,,,,,,,,1014.8,,,,,,1011.8
2020-07-14,IDCJDW6051,weather_summary-2020-07-14,weather_summary,2020-07-14,,,,,7.9,,,,,,,,,1013.7,,,,,,1015.3
2020-07-15,IDCJDW6051,weather_summary-2020-07-15,weather_summary,2020-07-15,,,,,2.7,,,,,,,,,1017.7,,,,,,1015.1
2020-07-16,IDCJDW6051,weather_summary-2020-07-16,weather_summary,2020-07-16,,,,,3.1,,,,,,,,,1011.9,,,,,,1009
2020-07-17,IDCJDW6051,weather_summary-2020-07-17,weather_summary,2020-07-17,,15.2,,,5.6,,,,,,,,,1012.9,,,,,,1014.4
2020-07-18,IDCJDW6051,weather_summary-2020-07-18,weather_summary,2020-07-18,6.1,18.7,6,,5.9,,,,9.9,87,4,N,4,1021.6,,,,,,1021.1
2020-07-19,IDCJDW6051,weather_summary-2020-07-19,weather_summary,2020-07-19,5.6,,1.8,,1.1,,,,7.9,96,7,E,4,1027.8,,,,,,1026
2020-07-20,IDCJDW6051,weather_summary-2020-07-20,weather_summary,2020-07-20,,,0,,9.2,,,,,,,,,1027.2,,,,,,1023.6
2020-07-21,IDCJDW6051,weather_summary-2020-07-21,weather_summary,2020-07-21,,,0,,5.8,,,,,,,,,1022,,,,,,1019
2020-07-22,IDCJDW6051,weather_summary-2020-07-22,weather_summary,2020-07-22,,,0,,9.4,,,,,,,,,1018.6,,,,,,1016
2020-07-23,IDCJDW6051,weather_summary-2020-07-23,weather_summary,2020-07-23,,,0,,7.1,,,,,,,,,1020.2,,,,,,1021.5
2020-07-24,IDCJDW6051,weather_summary-2020-07-24,weather_summary,2020-07-24,,20.4,0,,9.4,,,,,,,,,1027.1,,,,,,1024.5
2020-07-25,IDCJDW6051,weather_summary-2020-07-25,weather_summary,2020-07-25,3.9,23.2,0,,5.8,,,,15.7,48,7,NE,15,1021.7,,,,,,1019.5
2020-07-26,IDCJDW6051,weather_summary-2020-07-26,weather_summary,2020-07-26,9.6,,2.6,,3.3,,,,15.9,100,1,E,2,1024.7,,,,,,1022.4
2020-07-27,IDCJDW6051,weather_summary-2020-07-27,weather_summary,2020-07-27,,,,,7.3,,,,,,,,,1017.7,,,,,,1014.9
2020-07-28,IDCJDW6051,weather_summary-2020-07-28,weather_summary,2020-07-28,,,,,4.4,,,,,,,,,1023.3,,,,,,1022.8
2020-07-29,IDCJDW6051,weather_summary-2020-07-29,weather_summary,2020-07-29,,,,,8.9,,,,,,,,,1026.1,,,,,,1023.2
2020-07-30,IDCJDW6051,weather_summary-2020-07-30,weather_summary,2020-07-30,,,,,8.7,,,,,,,,,1021.1,,,,,,1018.1
2020-07-31,IDCJDW6051,weather_summary-2020-07-31,weather_summary,2020-07-31,,20.2,,,8.1,,,,,,,,,1021.6,,,,,,1020.8
2020-08-1,IDCJDW6051,weather_summary-2020-08-01,weather_summary,2020-08-01,5,,0,,8.9,,,,11.6,88,0,NW,2,1027.1,,,,,,1023.4
2020-08-2,IDCJDW6051,weather_summary-2020-08-02,weather_summary,2020-08-02,,,,,3.8,,,,,,,,,1021.6,,,,,,1016.4
2020-08-3,IDCJDW6051,weather_summary-2020-08-03,weather_summary,2020-08-03,,,,,2.6,,,,,,,,,1010.5,,,,,,1006.5
2020-08-4,IDCJDW6051,weather_summary-2020-08-04,weather_summary,2020-08-04,,,,,9.7,,,,,,,,,1011.5,,,,,,1011.4
2020-08-5,IDCJDW6051,weather_summary-2020-08-05,weather_summary,2020-08-05,,,,,9.7,,,,,,,,,1020.1,,,,,,1020.2
2020-08-6,IDCJDW6051,weather_summary-2020-08-06,weather_summary,2020-08-06,,,,,9.8,,,,,,,,,1027.4,,,,,,1024.9
2020-08-7,IDCJDW6051,weather_summary-2020-08-07,weather_summary,2020-08-07,,17.4,,,5.5,,,,,,,,,1026.6,,,,,,1022.1
2020-08-8,IDCJDW6051,weather_summary-2020-08-08,weather_summary,2020-08-08,7.5,,0,,5.6,,,,13.6,60,7,NE,13,1017.4,,,,,,1010.6
2020-08-9,IDCJDW6051,weather_summary-2020-08-09,weather_summary,2020-08-09,,,0,,0.8,,,,,,,,,999.6,,,,,,996.3
2020-08-10,IDCJDW6051,weather_summary-2020-08-10,weather_summary,2020-08-10,,,0,,5.4,,,,,,,,,1000.3,,,,,,1001
2020-08-11,IDCJDW6051,weather_summary-2020-08-11,weather_summary,2020-08-11,,,0,,5.7,,,,,,,,,1010.1,,,,,,1010.8
2020-08-12,IDCJDW6051,weather_summary-2020-08-12,weather_summary,2020-08-12,,,0,,5.5,,,,,,,,,1017.2,,,,,,1015.9
2020-08-13,IDCJDW6051,weather_summary-2020-08-13,weather_summary,2020-08-13,,,0,,2.7,,,,,,,,,1019.5,,,,,,1018.1
2020-08-14,IDCJDW6051,weather_summary-2020-08-14,weather_summary,2020-08-14,,17.6,0,,2.9,,,,,,,,,1018.8,,,,,,1016.4
2020-08-15,IDCJDW6051,weather_summary-2020-08-15,weather_summary,2020-08-15,,23,0,,6.6,,,,16.2,69,0,NNE,9,1011.5,,,,,,1005.2
2020-08-16,IDCJDW6051,weather_summary-2020-08-16,weather_summary,2020-08-16,,15.3,8,,4,,,,12,96,8,SE,4,1007.1,,,,,,1008.7
2020-08-17,IDCJDW6051,weather_summary-2020-08-17,weather_summary,2020-08-17,,17.1,9,,6.7,,,,13.5,88,5,SW,28,1014.5,15.5,79,6,WSW,22,1013.6
2020-08-18,IDCJDW6051,weather_summary-2020-08-18,weather_summary,2020-08-18,,16.8,9,,3,,,,13,94,4,SW,4,1018.6,16.5,79,6,WSW,22,1018
2020-08-19,IDCJDW6051,weather_summary-2020-08-19,weather_summary,2020-08-19,,18.1,1.6,,8.8,,,,12.5,77,0,NE,2,1022,17.3,63,6,SW,2,1021
2020-08-20,IDCJDW6051,weather_summary-2020-08-20,weather_summary,2020-08-20,5.1,20.5,0,,8.9,,,,13.5,77,2,NE,2,1022.9,18.5,54,4,SW,7,1021.2
2020-08-21,IDCJDW6051,weather_summary-2020-08-21,weather_summary,2020-08-21,,20,0,,5.7,,,,15.5,79,6,NE,2,1025.4,,,,,,1022.4
2020-08-22,IDCJDW6051,weather_summary-2020-08-22,weather_summary,2020-08-22,,22.5,0,,5.3,,,,14.6,77,7,NE,4,1021,,,,,,1018.9
2020-08-23,IDCJDW6051,weather_summary-2020-08-23,weather_summary,2020-08-23,,,0,,7.9,,,,16.4,72,3,W,4,1021,,,,,,1019.9
2020-08-24,IDCJDW6051,weather_summary-2020-08-24,weather_summary,2020-08-24,,21.5,0,,9.4,,,,,,,,,1023.4,20.3,46,5,SW,11,1021.4
2020-08-25,IDCJDW6051,weather_summary-2020-08-25,weather_summary,2020-08-25,,21.5,0,,8.9,,,,18.5,54,4,W,9,1025,20.4,45,2,SW,9,1022.6
2020-08-26,IDCJDW6051,weather_summary-2020-08-26,weather_summary,2020-08-26,,21.6,0,,10.3,,,,17,75,2,S,19,1028.5,21,53,1,SW,19,1026.2
2020-08-27,IDCJDW6051,weather_summary-2020-08-27,weather_summary,2020-08-27,,26.5,0,,10.4,,,,19.5,67,0,W,13,1027.6,25,41,0,SE,13,1021.5
2020-08-28,IDCJDW6051,weather_summary-2020-08-28,weather_summary,2020-08-28,,25,0,,6,,,,22.5,47,0,N,13,1014.6,19,81,8,SW,22,1013.5
2020-08-29,IDCJDW6051,weather_summary-2020-08-29,weather_summary,2020-08-29,,,1.2,,10.4,,,,12.6,81,1, ,Calm,1024.4,,,,,,1024.1
2020-08-30,IDCJDW6051,weather_summary-2020-08-30,weather_summary,2020-08-30,,24,0,,10.5,,,,13,71,0,E,17,1027,,,,,,1022.2
2020-08-31,IDCJDW6051,weather_summary-2020-08-31,weather_summary,2020-08-31,,21,0,,9.6,,,,17.4,44,0,N,13,1015.9,19.5,60,5,NW,15,1013.1
2020-09-1,IDCJDW6051,weather_summary-2020-09-01,weather_summary,2020-09-01,,17.6,0,,6.2,,,,13.5,88,6,SW,22,1011.5,17,56,5,SW,33,1012
2020-09-2,IDCJDW6051,weather_summary-2020-09-02,weather_summary,2020-09-02,,,1.1,,8.9,,,,16.5,69,4,SW,28,1013.8,17.5,67,4,SW,28,1015.8
2020-09-3,IDCJDW6051,weather_summary-2020-09-03,weather_summary,2020-09-03,,20.8,,,7.6,,,,,,,,,1020.1,15,83,2, ,Calm,1020.1
2020-09-4,IDCJDW6051,weather_summary-2020-09-04,weather_summary,2020-09-04,,22,1.1,,5,,,,19,76,8, ,Calm,1021.5,22,58,4,W,15,1019.6
2020-09-5,IDCJDW6051,weather_summary-2020-09-05,weather_summary,2020-09-05,,22.5,1.1,,9.8,,,,13,92,7,N,6,1016.2,,,,,,1012.4
2020-09-6,IDCJDW6051,weather_summary-2020-09-06,weather_summary,2020-09-06,,21.3,0,,0,,,,17.3,91,8,NE,4,1005.2,,,,,,1002.8
2020-09-7,IDCJDW6051,weather_summary-2020-09-07,weather_summary,2020-09-07,,18.7,30.2,,7,,,,15.3,70,3,SSW,9,1013.9,17.6,55,6,SW,9,1016.1
2020-09-8,IDCJDW6051,weather_summary-2020-09-08,weather_summary,2020-09-08,11,,0.4,,4.8,,,,16.5,69,5,NW,6,1023.9,19,59,5, ,Calm,1021.7
2020-09-9,IDCJDW6051,weather_summary-2020-09-09,weather_summary,2020-09-09,,,0,,9.8,,,,,,,,,1013.7,,,,,,1011.2
2020-09-10,IDCJDW6051,weather_summary-2020-09-10,weather_summary,2020-09-10,,,1.6,,9,,,,17,65,4,SW,15,1015.4,,,,,,1016.8
2020-09-11,IDCJDW6051,weather_summary-2020-09-11,weather_summary,2020-09-11,,20.6,,,9.7,,,,,,,,,1023.6,,,,,,1021.3
2020-09-12,IDCJDW6051,weather_summary-2020-09-12,weather_summary,2020-09-12,7.3,21.2,0,,10.3,,,,13.4,75,0,SW,4,1029,,,,,,1027.1
2020-09-13,IDCJDW6051,weather_summary-2020-09-13,weather_summary,2020-09-13,9.4,,0,,10.5,,,,16.5,65,0,NE,2,1029.4,,,,,,1025
2020-09-14,IDCJDW6051,weather_summary-2020-09-14,weather_summary,2020-09-14,,,,,7.8,,,,,,,,,1023.5,,,,,,1018.7
2020-09-15,IDCJDW6051,weather_summary-2020-09-15,weather_summary,2020-09-15,,,,,10.5,,,,,,,,,1018,,,,,,1014.9
2020-09-16,IDCJDW6051,weather_summary-2020-09-16,weather_summary,2020-09-16,,,,,9.5,,,,,,,,,1022.4,,,,,,1020.4
2020-09-17,IDCJDW6051,weather_summary-2020-09-17,weather_summary,2020-09-17,,,,,10.1,,,,,,,,,1027.2,,,,,,1022.6
2020-09-18,IDCJDW6051,weather_summary-2020-09-18,weather_summary,2020-09-18,,23.5,,,10.5,,,,,,,,,1018.7,,,,,,1012.8
2020-09-19,IDCJDW6051,weather_summary-2020-09-19,weather_summary,2020-09-19,10,18.3,5.9,,7.3,,,,15.6,98,7,SW,11,1009.3,,,,,,1009.5
2020-09-20,IDCJDW6051,weather_summary-2020-09-20,weather_summary,2020-09-20,8.5,,10.4,,7.9,,,,11.5,,5,SW,7,1015.4,,,,,,1017.1
2020-09-21,IDCJDW6051,weather_summary-2020-09-21,weather_summary,2020-09-21,,,0,,6.3,,,,,,,,,1022.5,,,,,,1021.8
2020-09-22,IDCJDW6051,weather_summary-2020-09-22,weather_summary,2020-09-22,,,0,,3.5,,,,,,,,,1024.1,,,,,,1022.5
2020-09-23,IDCJDW6051,weather_summary-2020-09-23,weather_summary,2020-09-23,,,0,,10.4,,,,,,,,,1025.1,,,,,,1021.2
2020-09-24,IDCJDW6051,weather_summary-2020-09-24,weather_summary,2020-09-24,,,0,,9.7,,,,,,,,,1019.3,,,,,,1014.7
2020-09-25,IDCJDW6051,weather_summary-2020-09-25,weather_summary,2020-09-25,,24.6,0,,9.9,,,,,,,,,1014.8,,,,,,1012.7
2020-09-26,IDCJDW6051,weather_summary-2020-09-26,weather_summary,2020-09-26,11.5,22.2,0,,5.8,,,,18.5,74,7,NE,4,1013.6,,,,,,1011.2
2020-09-27,IDCJDW6051,weather_summary-2020-09-27,weather_summary,2020-09-27,14,21.4,5.2,,5.6,,,,16.6,72,4,NE,4,1017.1,,,,,,1016.2
2020-09-28,IDCJDW6051,weather_summary-2020-09-28,weather_summary,2020-09-28,,21,2.8,,7.2,,,,14.9,99,8,N,4,1018,,,,,,1017.4
2020-09-29,IDCJDW6051,weather_summary-2020-09-29,weather_summary,2020-09-29,,20.5,2.1,,1.8,,,,16.5,77,,NE,7,1019.8,19,63,8,WSW,15,1018.5
2020-09-30,IDCJDW6051,weather_summary-2020-09-30,weather_summary,2020-09-30,14.2,21.4,0,,2.8,,,,18.6,71,8,N,7,1018.4,20,64,8,WSW,9,1015.6
2020-10-1,IDCJDW6051,weather_summary-2020-10-01,weather_summary,2020-10-01,16.6,21.9,0,,5.4,,,,20,55,8,WSW,15,1014.4,20.5,49,8,SW,28,1013.2
2020-10-2,IDCJDW6051,weather_summary-2020-10-02,weather_summary,2020-10-02,13.5,18,4.6,,0.8,,,,14,89,8,SE,17,1015.5,16,64,8,SW,15,1016.8
2020-10-3,IDCJDW6051,weather_summary-2020-10-03,weather_summary,2020-10-03,,18.6,4.2,,11.4,,,,11,69,1,S,7,1027.2,,,,,,1025.6
2020-10-4,IDCJDW6051,weather_summary-2020-10-04,weather_summary,2020-10-04,,21.1,0,,11.3,,,,14.6,56,1,S,9,1031.4,,,,,,1029.2
2020-10-5,IDCJDW6051,weather_summary-2020-10-05,weather_summary,2020-10-05,,22,0,,11.7,,,,15.5,37,0,NE,13,1034.4,20,28,0,NE,6,1030.1
2020-10-6,IDCJDW6051,weather_summary-2020-10-06,weather_summary,2020-10-06,9.1,23,0,,11.5,,,,16,43,0,NE,15,1028,21.5,28,1,ENE,4,1022.1
2020-10-7,IDCJDW6051,weather_summary-2020-10-07,weather_summary,2020-10-07,9,23.5,0,,8.6,,,,17.5,39,1,NE,13,1015.7,21,45,3,N,9,1012.1
2020-10-8,IDCJDW6051,weather_summary-2020-10-08,weather_summary,2020-10-08,10.1,,32,,10.8,,,,18.5,67,6,SE,7,1015.5,22.3,41,3,W,9,1014.6
2020-10-9,IDCJDW6051,weather_summary-2020-10-09,weather_summary,2020-10-09,8.4,23.6,0,,11.1,,,,18,53,1,S,4,1018.2,23,42,2,SW,9,1016
2020-10-10,IDCJDW6051,weather_summary-2020-10-10,weather_summary,2020-10-10,,24.2,0,,9.7,,,,15.1,74,6,SSW,4,1018.1,,,,,,1015.4
2020-10-11,IDCJDW6051,weather_summary-2020-10-11,weather_summary,2020-10-11,,26.5,0,,11.8,,,,17.1,54,0,N,4,1018.8,,,,,,1015.9
2020-10-12,IDCJDW6051,weather_summary-2020-10-12,weather_summary,2020-10-12,,29.5,0,,11.7,,,,23.5,42,0,SW,9,1019.4,28.5,34,0,SW,13,1015.1
2020-10-13,IDCJDW6051,weather_summary-2020-10-13,weather_summary,2020-10-13,15.4,31.5,0,,11.4,,,,23.5,48,1,NE,6,1014.7,31.5,31,4,W,9,1012.1
2020-10-14,IDCJDW6051,weather_summary-2020-10-14,weather_summary,2020-10-14,14,24.5,0,,7.1,,,,16.6,94,8,SW,6,1016.1,23,52,2,S,15,1014.8
2020-10-15,IDCJDW6051,weather_summary-2020-10-15,weather_summary,2020-10-15,13.4,23.4,0,,5.4,,,,17.5,66,7,E,7,1020.3,22.6,44,6,S,4,1016.6
2020-10-16,IDCJDW6051,weather_summary-2020-10-16,weather_summary,2020-10-16,13.1,26,0,,11.1,,,,19,59,4,E,13,1019.1,25.5,35,2,S,13,1015.6
2020-10-17,IDCJDW6051,weather_summary-2020-10-17,weather_summary,2020-10-17,15.8,27.7,0,,12,,,,18,56,0,NE,30,1018.6,,,,,,1013.5
2020-10-18,IDCJDW6051,weather_summary-2020-10-18,weather_summary,2020-10-18,13.5,31,0,,12,,,,19.2,52,1,NE,19,1012.5,,,,,,1009.4
2020-10-19,IDCJDW6051,weather_summary-2020-10-19,weather_summary,2020-10-19,16.5,29.2,0,,12.3,,,,24,42,0,S,6,1011.4,27.6,63,0,S,19,1009.9
2020-10-20,IDCJDW6051,weather_summary-2020-10-20,weather_summary,2020-10-20,19.5,26.6,0,,11.5,,,,20.9,66,0,S,4,1014.6,24.8,53,1,SW,9,1012.3
2020-10-21,IDCJDW6051,weather_summary-2020-10-21,weather_summary,2020-10-21,,25.5,0,,11.7,,,,20.5,60,4,S,13,1014.1,25,37,2,SW,19,1012
2020-10-22,IDCJDW6051,weather_summary-2020-10-22,weather_summary,2020-10-22,,25.6,0,,12.4,,,,,,,,,1018.3,23.6,41,2,SW,15,1015.7
2020-10-23,IDCJDW6051,weather_summary-2020-10-23,weather_summary,2020-10-23,11.5,27,0,,12.4,,,,19.5,55,0,E,6,1018.4,26.1,30,4,SE,15,1015.3
2020-10-24,IDCJDW6051,weather_summary-2020-10-24,weather_summary,2020-10-24,11.9,29.7,0,,12.4,,,,17.6,55,0,NE,9,1018.1,,,,,,1014.2
2020-10-25,IDCJDW6051,weather_summary-2020-10-25,weather_summary,2020-10-25,,34.5,0,,12.4,,,,23.3,33,0,NE,22,1013.9,,,,,,1008.8
2020-10-26,IDCJDW6051,weather_summary-2020-10-26,weather_summary,2020-10-26,20.5,27,0,,12.4,,,,24,42,0,SW,13,,25,47,0,WSW,15,1012
2020-10-27,IDCJDW6051,weather_summary-2020-10-27,weather_summary,2020-10-27,15.4,24.5,0,,11.3,,,,22,66,4,NW,9,1014.4,22.5,62,4,SW,20,1013.5
2020-10-28,IDCJDW6051,weather_summary-2020-10-28,weather_summary,2020-10-28,14.1,25.5,0,,10.4,,,,21.5,53,3,SW,4,1019.8,25,44,0,SW,15,1017.9
2020-10-29,IDCJDW6051,weather_summary-2020-10-29,weather_summary,2020-10-29,14.3,32,0,,12.5,,,,22,45,0,NE,22,1021.2,30.5,29,0,NW,9,1016
2020-10-30,IDCJDW6051,weather_summary-2020-10-30,weather_summary,2020-10-30,16.8,35.8,0,,11.7,,,,26.1,35,2,NW,20,1014.4,,,,,,1010.6
2020-10-31,IDCJDW6051,weather_summary-2020-10-31,weather_summary,2020-10-31,18.9,25.7,0,,4.8,,,,23.9,65,8,W,11,1006.3,,,,,,1004.8
